N°,id,name,up_to_date,archived,status,aired_episodes,seen_episodes,runtime,all_images.poster
1,353712,The Rising of the Shield Hero,False,False,Continuing,62,38,24,https://artworks.thetvdb.com/banners/v4/series/353712/posters/6071f9ca3ba43.jpg
2,348545,Demon Slayer: Kimetsu no Yaiba,False,False,Ended,63,44,26,https://artworks.thetvdb.com/banners/posters/5c90fdae8a262.jpg
3,312559,Drifters (2016),True,False,Ended,12,12,25,https://artworks.thetvdb.com/banners/v4/series/312559/posters/688783061fc0d.jpg
4,398544,Seirei Gensouki: Spirit Chronicles,False,False,Ended,24,12,24,https://artworks.thetvdb.com/banners/v4/series/398544/posters/60e17cbe8220a.jpg
5,304219,Marvel's Luke Cage,True,False,Ended,26,26,56,https://artworks.thetvdb.com/banners/posters/304219-2.jpg
6,402652,The Greatest Demon Lord Is Reborn as a Typical Nobody,True,False,Ended,12,12,24,https://artworks.thetvdb.com/banners/v4/series/402652/posters/620f5699ba12d.jpg
7,321209,Inuyashiki Last Hero,True,False,Ended,11,11,25,https://artworks.thetvdb.com/banners/v4/series/321209/posters/60ba8c82da17e.jpg
8,259972,Gravity Falls,True,False,Ended,40,41,26,https://artworks.thetvdb.com/banners/posters/259972-1.jpg
9,84912,Parks and Recreation,True,False,Ended,125,126,25,https://artworks.thetvdb.com/banners/posters/84912-1.jpg
10,270915,Peaky Blinders,False,False,Ended,36,0,59,https://artworks.thetvdb.com/banners/posters/5bfada9f00205.jpg
11,82807,Sekirei,True,False,Ended,25,25,25,https://artworks.thetvdb.com/banners/posters/82807-1.jpg
12,262093,Code:Breaker,True,False,Ended,13,13,20,https://artworks.thetvdb.com/banners/v4/series/262093/posters/6064d82d75fdb.jpg
13,321670,Is It Wrong to Try to Pick Up Girls in a Dungeon? On the Side: Sword Oratoria,True,False,Ended,12,12,25,https://artworks.thetvdb.com/banners/v4/series/321670/posters/64411ec9c195b.jpg
14,336139,Constantine: City of Demons,True,False,Ended,5,10,6,https://artworks.thetvdb.com/banners/posters/336139-3.jpg
15,378556,The God of High School,True,False,Ended,13,13,25,https://artworks.thetvdb.com/banners/v4/series/378556/posters/60ba6768b052c.jpg
16,306741,And You Thought There Is Never a Girl Online?,True,False,Ended,12,12,25,https://artworks.thetvdb.com/banners/posters/306741-1.jpg
17,355969,WATATEN!: an Angel Flew Down to Me,True,False,Ended,12,12,24,https://artworks.thetvdb.com/banners/posters/5bfb6830912d0.jpg
18,354179,Kengan Ashura,False,False,Continuing,52,0,25,https://artworks.thetvdb.com/banners/v4/series/354179/posters/6423553d86d85.jpg
19,355774,Dr. STONE,False,False,Continuing,81,36,24,https://artworks.thetvdb.com/banners/v4/series/355774/posters/60930ab8bd11d.jpg
20,369395,High School Prodigies Have It Easy Even in Another World!,True,False,Ended,12,12,25,https://artworks.thetvdb.com/banners/posters/5d789aa9e2c7e.jpg
21,219131,IS: Infinite Stratos,True,False,Ended,24,24,25,https://artworks.thetvdb.com/banners/posters/219131-3.jpg
22,309530,91 Days,True,False,Ended,12,12,24,https://artworks.thetvdb.com/banners/posters/309530-6.jpg
23,309532,New Game!,True,False,Ended,24,24,25,https://artworks.thetvdb.com/banners/posters/309532-1.jpg
24,117081,The Sacred Blacksmith,True,False,Ended,12,12,25,https://artworks.thetvdb.com/banners/posters/117081-1.jpg
25,248742,Person of Interest,True,False,Ended,103,103,43,https://artworks.thetvdb.com/banners/posters/248742-1.jpg
26,350166,Goblin Slayer,False,False,Ended,24,12,24,https://artworks.thetvdb.com/banners/posters/5b5dc66cf178d.jpg
27,293088,One-Punch Man,True,False,Continuing,36,38,24,https://artworks.thetvdb.com/banners/v4/series/293088/posters/60a38fe89e639.jpg
28,411625,I'm Quitting Heroing,True,False,Ended,12,12,24,https://artworks.thetvdb.com/banners/v4/series/411625/posters/624bb6dd04d87.jpg
29,257888,Place to Place,True,False,Ended,12,12,25,https://artworks.thetvdb.com/banners/posters/257888-1.jpg
30,362696,The Witcher,False,False,Continuing,32,10,57,https://artworks.thetvdb.com/banners/series/362696/posters/62003331.jpg
31,329992,In Another World With My Smartphone,False,False,Ended,24,12,25,https://artworks.thetvdb.com/banners/posters/329992-2.jpg
32,275611,Witch Craft Works,True,False,Ended,12,12,25,https://artworks.thetvdb.com/banners/v4/series/275611/posters/66faf458c76eb.jpg
33,273690,Constantine,True,False,Ended,13,13,43,https://artworks.thetvdb.com/banners/series/273690/posters/5fedd7187a605.jpg
34,307375,Mob Psycho 100,False,False,Ended,37,25,24,https://artworks.thetvdb.com/banners/v4/series/307375/posters/60aa39f03e5be.jpg
35,259646,Campione!,True,False,Ended,13,13,25,https://artworks.thetvdb.com/banners/posters/259646-3.jpg
36,121361,Game of Thrones,True,False,Ended,73,74,57,https://artworks.thetvdb.com/banners/posters/121361-4.jpg
37,295243,Rokka: Braves of the Six Flowers,True,False,Ended,12,12,23,https://artworks.thetvdb.com/banners/v4/series/295243/posters/688a60dba31c8.jpg
38,283943,Sky Wizards Academy,True,False,Ended,12,12,25,https://artworks.thetvdb.com/banners/posters/283943-3.jpg
39,355966,The Quintessential Quintuplets,True,False,Ended,24,24,25,https://artworks.thetvdb.com/banners/posters/5bfb654b1dbb9.jpg
40,359646,"Why the Hell Are You Here, Teacher!?",True,False,Ended,12,13,12,https://artworks.thetvdb.com/banners/series/359646/posters/5ffa4f7ae9ac8.jpg
41,398193,The World's Finest Assassin Gets Reincarnated in Another World as an Aristocrat,True,False,Continuing,12,12,24,https://artworks.thetvdb.com/banners/v4/series/398193/posters/60ba8a3446d33.jpg
42,247808,Suits,True,False,Ended,134,134,43,https://artworks.thetvdb.com/banners/posters/247808-6.jpg
43,272043,Tokyo Ravens,True,False,Ended,24,24,25,https://artworks.thetvdb.com/banners/posters/272043-2.jpg
44,274431,Gotham,True,False,Ended,100,100,45,https://artworks.thetvdb.com/banners/posters/274431-26.jpg
45,362839,"If It's for My Daughter, I'd Even Defeat a Demon Lord",True,False,Ended,12,12,25,https://artworks.thetvdb.com/banners/posters/5cbabf0868d37.jpg
46,331753,Black Clover,True,False,Ended,170,178,25,https://artworks.thetvdb.com/banners/posters/331753-4.jpg
47,402374,The Strongest Sage With the Weakest Crest,True,False,Ended,12,18,24,https://artworks.thetvdb.com/banners/v4/series/402374/posters/61d2d8c8a8c99.jpg
48,360115,Prison Break,True,False,Ended,88,90,45,https://artworks.thetvdb.com/banners/posters/5c9e0957ce5be.jpg
49,259649,Aesthetica of a Rogue Hero,True,False,Ended,12,12,25,https://artworks.thetvdb.com/banners/posters/259649-4.jpg
50,272072,Unbreakable Machine-Doll,True,False,Ended,12,12,25,https://artworks.thetvdb.com/banners/posters/272072-3.jpg
51,269586,Brooklyn Nine-Nine,False,False,Ended,153,148,22,https://artworks.thetvdb.com/banners/posters/269586-11.jpg
52,267440,Attack on Titan,False,False,Ended,89,87,25,https://artworks.thetvdb.com/banners/posters/267440-2.jpg
53,368862,ORESUKI: Are you the only one who loves me?,True,False,Ended,12,13,24,https://artworks.thetvdb.com/banners/posters/5d8c40322a541.jpg
54,360708,Isekai Cheat Magician,True,False,Ended,12,12,25,https://artworks.thetvdb.com/banners/posters/5ccd36271463f.jpg
55,360502,How Heavy Are the Dumbbells You Lift?,True,False,Ended,12,12,25,https://artworks.thetvdb.com/banners/posters/5c9e8eb160d4f.jpg
56,352869,Sword Art Online - Ordinal Scale,True,False,Ended,1,1,120,https://dg31sz3gwrwan.cloudfront.net/poster/352869/1345649-0-optimized.jpg
57,354167,Dororo (2019),True,False,Ended,24,24,25,https://artworks.thetvdb.com/banners/posters/5cb6e702ce48e.jpg
58,343913,Grand Blue Dreaming,False,False,Continuing,24,12,24,https://artworks.thetvdb.com/banners/posters/343913-1.jpg
59,371310,Mushoku Tensei: Jobless Reincarnation,False,False,Continuing,47,24,24,https://artworks.thetvdb.com/banners/v4/series/371310/posters/604b7a70c1d6e.jpg
60,299506,Chivalry of a Failed Knight,True,False,Ended,12,12,24,https://artworks.thetvdb.com/banners/posters/299506-2.jpg
61,75579,Fullmetal Alchemist,True,False,Ended,51,51,25,https://artworks.thetvdb.com/banners/posters/75579-2.jpg
62,249866,Mayo Chiki!,True,False,Ended,13,13,25,https://artworks.thetvdb.com/banners/posters/249866-3.jpg
63,375927,The Misfit of Demon King Academy,False,False,Ended,37,13,24,https://artworks.thetvdb.com/banners/series/375927/posters/5fb6a088e3948.jpg
64,355480,Fire Force,False,False,Continuing,70,48,24,https://artworks.thetvdb.com/banners/posters/5d83bd46c80f0.jpg
65,376729,Tower of God,False,False,Continuing,39,13,24,https://artworks.thetvdb.com/banners/v4/series/376729/posters/60c8c2f973365.jpg
66,305082,Kabaneri of the Iron Fortress,True,False,Ended,12,12,25,https://artworks.thetvdb.com/banners/v4/series/305082/posters/6092f88a424d8.jpg
67,171591,High School of the Dead,True,False,Ended,12,13,23,https://artworks.thetvdb.com/banners/posters/171591-9.jpg
68,247997,Deadman Wonderland,True,False,Ended,12,12,25,https://artworks.thetvdb.com/banners/posters/247997-6.jpg
69,248861,Unforgettable (2011),True,False,Ended,61,61,45,https://artworks.thetvdb.com/banners/posters/248861-2.jpg
70,115991,Kämpfer,True,False,Ended,12,12,25,https://artworks.thetvdb.com/banners/posters/5bf2352a74c16.jpg
71,284073,Shomin Sample,True,False,Ended,12,12,25,https://artworks.thetvdb.com/banners/posters/284073-3.jpg
72,304214,Stan Lee's Lucky Man,True,False,Ended,28,28,50,https://artworks.thetvdb.com/banners/posters/304214-3.jpg
73,368905,Kemono Michi: Rise Up,True,False,Ended,12,12,24,https://artworks.thetvdb.com/banners/posters/5d796bab2b99e.jpg
74,284132,Lord Marksman and Vanadis,True,False,Ended,13,13,25,https://artworks.thetvdb.com/banners/posters/284132-2.jpg
75,275574,Magical Warfare,True,False,Ended,12,12,25,https://artworks.thetvdb.com/banners/posters/275574-3.jpg
76,405920,SPY x FAMILY,False,False,Continuing,50,25,24,https://artworks.thetvdb.com/banners/v4/series/405920/posters/61c9e4093167d.jpg
77,293774,Shimoneta: A Boring World Where the Concept of Dirty Jokes Doesn't Exist,True,False,Ended,12,12,25,https://artworks.thetvdb.com/banners/posters/293774-2.jpg
78,368562,Plunderer,True,False,Ended,24,24,25,https://artworks.thetvdb.com/banners/series/368562/posters/62044450.jpg
79,279981,Celestial Method,True,False,Ended,13,13,25,https://artworks.thetvdb.com/banners/posters/279981-3.jpg
80,75682,Bones,True,False,Ended,246,246,46,https://artworks.thetvdb.com/banners/posters/75682-40.jpg
81,293996,The Asterisk War: The Academy City on the Water,True,False,Ended,24,24,25,https://artworks.thetvdb.com/banners/posters/293996-2.jpg
82,295222,GATE,True,False,Ended,24,24,25,https://artworks.thetvdb.com/banners/series/295222/posters/603679a3d4a53.jpg
83,359095,We Never Learn: BOKUBEN,True,False,Ended,26,26,25,https://artworks.thetvdb.com/banners/posters/5c83ede615a15.jpg
84,314087,The Grand Tour (2016),False,False,Continuing,46,41,71,https://artworks.thetvdb.com/banners/posters/5c447607aa2e8.jpg
85,337017,DARLING in the FRANXX,True,False,Ended,24,24,25,https://artworks.thetvdb.com/banners/posters/337017-3.jpg
86,339277,The Seven Heavenly Virtues,True,False,Ended,10,10,5,https://artworks.thetvdb.com/banners/posters/339277-1.jpg
87,252474,Maken-Ki! Battling Venus,True,False,Ended,22,22,25,https://artworks.thetvdb.com/banners/posters/252474-3.jpg
88,376211,The Millionaire Detective – Balance: UNLIMITED,True,False,Ended,11,11,23,https://artworks.thetvdb.com/banners/series/376211/posters/5e85cefdbd5e5.jpg
89,357431,Assassins Pride,True,False,Ended,12,12,25,https://artworks.thetvdb.com/banners/series/357431/posters/5faa0f7270346.jpg
90,318950,Akashic Records of Bastard Magic Instructor,True,False,Ended,12,12,25,https://artworks.thetvdb.com/banners/series/318950/posters/5ff6e943ca4b0.jpg
91,360011,Senryu Girl,True,False,Ended,12,12,15,https://artworks.thetvdb.com/banners/posters/5c70273462c0d.jpg
92,369144,Welcome to Demon School! Iruma-kun,False,False,Continuing,65,44,25,https://artworks.thetvdb.com/banners/v4/series/369144/posters/622232e70bc41.jpg
93,267434,Devil Survivor 2: The Animation,True,False,Ended,13,13,25,https://artworks.thetvdb.com/banners/posters/267434-1.jpg
94,375271,To Your Eternity,False,False,Continuing,59,20,25,https://artworks.thetvdb.com/banners/v4/series/375271/posters/62bdd9060c5f1.jpg
95,289906,Seraph of the End,True,False,Ended,24,24,25,https://artworks.thetvdb.com/banners/posters/289906-4.jpg
96,336404,Death March to the Parallel World Rhapsody,True,False,Ended,12,12,25,https://artworks.thetvdb.com/banners/posters/336404-3.jpg
97,289177,Death Parade,True,False,Ended,12,13,23,https://artworks.thetvdb.com/banners/posters/289177-4.jpg
98,317703,Dragon ball Z kai,True,False,Ended,0,69,25,https://dg31sz3gwrwan.cloudfront.net/poster/317703/1161052-0-optimized.jpg
99,336406,The Ryuo's Work is Never Done!,True,False,Ended,12,12,25,https://artworks.thetvdb.com/banners/posters/336406-2.jpg
100,289679,Charlotte (2015),True,False,Ended,13,13,25,https://artworks.thetvdb.com/banners/posters/289679-6.jpg
101,291627,Plastic Memories,True,False,Ended,13,13,25,https://artworks.thetvdb.com/banners/v4/series/291627/posters/61e5a002297db.jpg
102,369048,Cautious Hero: The Hero Is Overpowered but Overly Cautious,True,False,Ended,12,12,24,https://artworks.thetvdb.com/banners/series/369048/posters/5fca4c9bda4db.jpg
103,79525,Code Geass: Lelouch of the Rebellion,True,False,Ended,50,50,25,https://artworks.thetvdb.com/banners/v4/series/79525/posters/609303fbd97e3.jpg
104,342316,My Sweet Tyrant,True,False,Ended,25,25,5,https://artworks.thetvdb.com/banners/posters/342316-3.jpg
105,282670,Narcos,True,False,Ended,30,30,52,https://artworks.thetvdb.com/banners/posters/282670-6.jpg
106,305075,Bungo Stray Dogs,False,False,Continuing,60,36,24,https://artworks.thetvdb.com/banners/posters/305075-7.jpg
107,368757,Special 7: Special Crime Investigation Unit,True,False,Ended,12,12,25,https://artworks.thetvdb.com/banners/v4/series/368757/posters/65c00d164b95d.jpg
108,176941,Sherlock,True,False,Ended,12,13,88,https://artworks.thetvdb.com/banners/posters/176941-17.jpg
109,345596,Rascal Does Not Dream of Bunny Girl Senpai,False,False,Ended,26,13,24,https://artworks.thetvdb.com/banners/posters/5bb31494ec079.jpg
110,257645,Marvel's Ultimate Spider-Man,True,False,Ended,104,104,25,https://artworks.thetvdb.com/banners/posters/257645-5.jpg
111,300472,Preacher,False,False,Ended,43,0,45,https://artworks.thetvdb.com/banners/posters/300472-3.jpg
112,322246,Girlboss,True,False,Ended,13,13,27,https://artworks.thetvdb.com/banners/posters/322246-1.jpg
113,303867,KonoSuba – God’s blessing on this wonderful world!!,False,False,Ended,31,22,25,https://artworks.thetvdb.com/banners/posters/303867-2.jpg
114,279986,Terror in Resonance,True,False,Ended,11,11,25,https://artworks.thetvdb.com/banners/posters/279986-7.jpg
115,79824,Naruto Shippuden,True,False,Ended,500,510,23,https://artworks.thetvdb.com/banners/posters/79824-16.jpg
116,272697,Beyond the Boundary,True,False,Ended,12,12,25,https://artworks.thetvdb.com/banners/posters/272697-1.jpg
117,252322,Hunter x Hunter (2011),True,False,Ended,148,148,25,https://artworks.thetvdb.com/banners/v4/series/252322/posters/60808e76cd16f.jpg
118,334706,My Girlfriend Is Shobitch,True,False,Ended,10,11,24,https://artworks.thetvdb.com/banners/posters/334706-4.jpg
119,354602,Wise Man's Grandchild,True,False,Ended,12,12,25,https://artworks.thetvdb.com/banners/posters/5cadad162fb6a.jpg
120,280329,Akame ga Kill!,True,False,Ended,24,24,25,https://artworks.thetvdb.com/banners/v4/series/280329/posters/60aff11312ce8.jpg
121,83462,Castle (2009),True,False,Ended,173,173,45,https://artworks.thetvdb.com/banners/posters/83462-8.jpg
122,399990,Blue Period,True,False,Ended,12,12,24,https://artworks.thetvdb.com/banners/v4/series/399990/posters/613b5de24cb39.jpg
123,295743,Limitless,False,False,Ended,22,0,42,https://artworks.thetvdb.com/banners/posters/295743-3.jpg
124,283937,When Supernatural Battles Became Commonplace,True,False,Ended,12,12,25,https://artworks.thetvdb.com/banners/posters/283937-3.jpg
125,283961,GANGSTA.,True,False,Ended,12,12,25,https://artworks.thetvdb.com/banners/posters/283961-4.jpg
126,81797,One Piece,False,False,Continuing,1154,248,25,https://artworks.thetvdb.com/banners/series/81797/posters/5eec847d52a04.jpg
127,84677,Chrome Shelled Regios,True,False,Ended,24,24,25,https://artworks.thetvdb.com/banners/posters/84677-1.jpg
128,317953,Marvel's Iron Fist,True,False,Ended,23,23,53,https://artworks.thetvdb.com/banners/posters/317953-4.jpg
129,357019,Arifureta: From Commonplace to World's Strongest,False,False,Continuing,41,29,24,https://artworks.thetvdb.com/banners/posters/5d883aca87c5a.jpg
130,248035,Blue Exorcist,False,False,Ended,73,37,25,https://artworks.thetvdb.com/banners/posters/248035-11.jpg
131,359274,Vinland Saga,False,False,Continuing,48,24,26,https://artworks.thetvdb.com/banners/v4/series/359274/posters/63fdd5a806126.jpg
132,377902,"So I'm a Spider, So What?",True,False,Ended,24,24,24,https://artworks.thetvdb.com/banners/v4/series/377902/posters/6434083987c18.jpg
133,388574,The Dungeon of Black Company,True,False,Ended,12,12,24,https://artworks.thetvdb.com/banners/v4/series/388574/posters/6433f60030e2f.jpg
134,104741,Tenchi Muyo! War on Geminar,True,False,Ended,13,13,45,https://artworks.thetvdb.com/banners/posters/104741-1.jpg
135,319410,Eromanga Sensei,True,False,Ended,12,14,25,https://artworks.thetvdb.com/banners/v4/series/319410/posters/668e346490cb7.jpg
136,254653,High School D×D,True,False,Ended,48,52,25,https://artworks.thetvdb.com/banners/posters/254653-3.jpg
137,311014,Tales of Zestiria the X,True,False,Ended,25,25,25,https://artworks.thetvdb.com/banners/posters/311014-4.jpg
138,108611,White Collar,False,False,Ended,81,0,45,https://artworks.thetvdb.com/banners/posters/108611-11.jpg
139,278941,Dragonar Academy,True,False,Ended,12,12,25,https://artworks.thetvdb.com/banners/posters/278941-2.jpg
140,338192,Devilman Crybaby,False,False,Ended,10,0,25,https://artworks.thetvdb.com/banners/posters/338192-4.jpg
141,321671,Armed Girl's Machiavellism,True,False,Ended,12,13,25,https://artworks.thetvdb.com/banners/posters/321671-3.jpg
142,261202,Dragons,True,False,Ended,118,119,23,https://artworks.thetvdb.com/banners/posters/261202-5.jpg
143,402412,Komi Can't Communicate,False,False,Ended,24,18,24,https://artworks.thetvdb.com/banners/v4/series/402412/posters/6143b4dd36b12.jpg
144,79501,Heroes,True,False,Ended,78,78,41,https://artworks.thetvdb.com/banners/posters/79501-2.jpg
145,378878,Deca-Dence,True,False,Ended,12,12,24,https://artworks.thetvdb.com/banners/v4/series/378878/posters/67d816d99500d.jpg
146,339353,B: The Beginning,False,False,Ended,18,12,25,https://artworks.thetvdb.com/banners/posters/5c2d5a9c04767.jpg
147,391625,Ranking of Kings,True,False,Ended,23,23,23,https://artworks.thetvdb.com/banners/v4/series/391625/posters/613b55e3647eb.jpg
148,362472,Loki,False,False,Ended,12,6,49,https://artworks.thetvdb.com/banners/v4/series/362472/posters/609c18467f2c8.jpg
149,281249,Tokyo Ghoul,True,False,Ended,48,48,25,https://artworks.thetvdb.com/banners/posters/281249-7.jpg
150,299508,ReLIFE,True,False,Ended,13,18,25,https://artworks.thetvdb.com/banners/posters/5afb0dff4d5fa.jpg
151,305074,My Hero Academia,False,False,Ended,170,113,23,https://artworks.thetvdb.com/banners/posters/305074-11.jpg
152,293119,Monster Musume: Everyday Life with Monster Girls,True,False,Ended,12,12,24,https://artworks.thetvdb.com/banners/v4/series/293119/posters/6433f78fc38f4.jpg
153,99151,River Monsters,True,False,Ended,58,58,58,https://artworks.thetvdb.com/banners/posters/99151-5.jpg
154,269875,Blood Lad,True,False,Ended,10,10,25,https://artworks.thetvdb.com/banners/posters/269875-5.jpg
155,347294,The Master of Ragnarok and Blesser of Einherjar,True,False,Ended,12,12,25,https://artworks.thetvdb.com/banners/posters/5aeeeaedc3466.jpg
156,78857,Naruto,True,False,Ended,220,223,25,https://artworks.thetvdb.com/banners/v4/series/78857/posters/6069f97b9bad8.jpg
157,297317,Danchigai,True,False,Ended,12,12,5,https://artworks.thetvdb.com/banners/posters/297317-1.jpg
158,80014,Tokyo Majin,True,False,Ended,26,26,25,https://artworks.thetvdb.com/banners/posters/80014-1.jpg
159,318893,Miss Kobayashi's Dragon Maid,False,False,Continuing,25,14,24,https://artworks.thetvdb.com/banners/posters/318893-4.jpg
160,299502,Undefeated Bahamut Chronicle,True,False,Ended,12,12,25,https://artworks.thetvdb.com/banners/posters/299502-1.jpg
161,374198,Gleipnir,True,False,Ended,13,13,25,https://artworks.thetvdb.com/banners/series/374198/posters/5eabdfe38893d.jpg
162,331980,Marvel's The Punisher,True,False,Ended,26,26,52,https://artworks.thetvdb.com/banners/posters/331980-3.jpg
163,244061,Steins;Gate,False,False,Ended,24,13,25,https://artworks.thetvdb.com/banners/series/244061/posters/5f44d6fbaad70.jpg
164,81189,Breaking Bad,True,False,Ended,62,75,48,https://artworks.thetvdb.com/banners/posters/81189-10.jpg
165,259640,Sword Art Online,True,False,Ended,96,96,25,https://artworks.thetvdb.com/banners/series/259640/posters/603f4ffcec25e.jpg
166,355220,Darwin's Game,True,False,Ended,11,11,26,https://artworks.thetvdb.com/banners/posters/5c41030a332a6.jpg
167,374787,The 8th son? Are you kidding me?,True,False,Ended,12,12,25,https://artworks.thetvdb.com/banners/series/374787/posters/5fbd587c83e94.jpg
168,283935,Trinity Seven,True,False,Ended,12,12,25,https://artworks.thetvdb.com/banners/posters/283935-1.jpg
169,295068,Dragon Ball Super,True,False,Ended,131,131,25,https://artworks.thetvdb.com/banners/posters/295068-9.jpg
170,326490,Marvel's The Defenders,True,False,Ended,8,8,49,https://artworks.thetvdb.com/banners/posters/326490-5.jpg
171,275274,Rick and Morty,False,False,Continuing,81,41,22,https://artworks.thetvdb.com/banners/posters/275274-2.jpg
172,332994,A Sister's All You Need,True,False,Ended,12,12,25,https://artworks.thetvdb.com/banners/posters/332994-1.jpg
173,76320,Justice League,True,False,Ended,91,91,25,https://artworks.thetvdb.com/banners/posters/76320-3.jpg
174,355567,The Boys,False,False,Continuing,32,16,63,https://artworks.thetvdb.com/banners/posters/5c5c402b075cc.jpg
175,83358,ChäoS;Head,True,False,Ended,12,12,25,https://artworks.thetvdb.com/banners/posters/83358-1.jpg
176,80042,Darker Than Black,True,False,Ended,37,37,25,https://artworks.thetvdb.com/banners/posters/80042-1.jpg
177,299511,Anti-Magic Academy: The 35th Test Platoon,True,False,Ended,12,12,25,https://artworks.thetvdb.com/banners/posters/299511-2.jpg
178,279201,Heroes Reborn,True,False,Ended,13,13,45,https://artworks.thetvdb.com/banners/posters/279201-2.jpg
179,362053,Do You Love Your Mom and Her Two-Hit Multi-Target Attacks?,True,False,Ended,12,12,25,https://artworks.thetvdb.com/banners/posters/5ca8614c25c35.jpg
180,276890,Black Bullet,True,False,Ended,13,13,25,https://artworks.thetvdb.com/banners/posters/276890-3.jpg
181,281662,Marvel's Daredevil,True,False,Ended,39,39,53,https://artworks.thetvdb.com/banners/posters/281662-1.jpg
182,352564,"My Sister, My Writer",True,False,Ended,10,10,25,https://artworks.thetvdb.com/banners/posters/5babc5c4701e5.jpg
183,71278,Hellsing,True,False,Ended,13,13,25,https://artworks.thetvdb.com/banners/v4/series/71278/posters/60fafa1952516.jpg
184,303073,Myriad Colors Phantom World,True,False,Ended,13,13,24,https://artworks.thetvdb.com/banners/posters/303073-4.jpg
185,79481,Death Note,True,False,Ended,37,37,23,https://artworks.thetvdb.com/banners/posters/79481-11.jpg
186,284439,Laughing Under the Clouds,True,False,Ended,12,12,25,https://artworks.thetvdb.com/banners/posters/284439-2.jpg
187,354170,Domestic Girlfriend,True,False,Ended,12,12,25,https://artworks.thetvdb.com/banners/posters/5c411f44b54ea.jpg
188,317430,Seven Deadly Sins: Signs of Holy War,True,False,Ended,4,4,25,https://dg31sz3gwrwan.cloudfront.net/poster/317430/1160298-0-optimized.jpg
189,283925,Ai: Tenchi Muyo!,True,False,Ended,50,50,5,https://artworks.thetvdb.com/banners/posters/283925-1.jpg
190,329422,My First Girlfriend is a Gal,True,False,Ended,10,10,25,https://artworks.thetvdb.com/banners/v4/series/329422/posters/67351d4ee92e3.jpg
191,352408,That Time I Got Reincarnated as a Slime,False,False,Continuing,72,48,24,https://artworks.thetvdb.com/banners/posters/5b953288cd1f0.jpg
192,279831,Parasyte -the maxim-,True,False,Ended,24,24,23,https://artworks.thetvdb.com/banners/posters/279831-3.jpg
193,257395,Zetman,True,False,Ended,13,13,25,https://artworks.thetvdb.com/banners/posters/257395-2.jpg
194,362392,WandaVision,False,False,Ended,9,0,36,https://artworks.thetvdb.com/banners/series/362392/posters/5f6a1111c2752.jpg
195,278155,No Game No Life,True,False,Ended,12,19,25,https://artworks.thetvdb.com/banners/posters/278155-2.jpg
196,294002,Overlord,True,False,Ended,52,52,25,https://artworks.thetvdb.com/banners/posters/5b3832a5901f9.jpg
197,311537,Taboo Tattoo,True,False,Ended,12,12,25,https://artworks.thetvdb.com/banners/posters/311537-1.jpg
198,79604,Black Lagoon,True,False,Ended,24,36,25,https://artworks.thetvdb.com/banners/posters/79604-1.jpg
199,299963,Dimension W,True,False,Ended,12,12,25,https://artworks.thetvdb.com/banners/posters/299963-2.jpg
200,279530,Himegoto,True,False,Ended,13,13,4,https://artworks.thetvdb.com/banners/v4/series/279530/posters/64ea3b248d58b.jpg
201,84573,Samurai Harem,True,False,Ended,12,12,25,https://artworks.thetvdb.com/banners/posters/84573-12.jpg
202,83322,A Certain Magical Index,True,False,Ended,74,74,25,https://artworks.thetvdb.com/banners/posters/83322-1.jpg
203,283963,Absolute Duo,True,False,Ended,12,12,25,https://artworks.thetvdb.com/banners/posters/283963-1.jpg
204,299501,Hundred,True,False,Ended,12,12,25,https://artworks.thetvdb.com/banners/posters/299501-1.jpg
205,389422,How a Realist Hero Rebuilt the Kingdom,True,False,Ended,26,26,24,https://artworks.thetvdb.com/banners/v4/series/389422/posters/60d3017ae21ac.jpg
206,284719,The Testament of Sister New Devil,True,False,Ended,22,23,24,https://artworks.thetvdb.com/banners/v4/series/284719/posters/67351ce907dfd.jpg
207,325208,WorldEnd: What are you doing at the end of the world? Are you busy? Will you save us?,True,False,Ended,12,12,25,https://artworks.thetvdb.com/banners/posters/325208-3.jpg
208,85249,Fullmetal Alchemist: Brotherhood,True,False,Ended,64,68,25,https://artworks.thetvdb.com/banners/posters/85249-7.jpg
209,401233,My Dress-Up Darling,False,False,Ended,24,12,24,https://artworks.thetvdb.com/banners/v4/series/401233/posters/61c21deb63d22.jpg
210,390832,Tsukimichi -Moonlit Fantasy-,False,False,Continuing,37,12,24,https://artworks.thetvdb.com/banners/v4/series/390832/posters/60e1b7d37c4d4.jpg
211,289909,Food Wars!,True,False,Ended,86,86,24,https://artworks.thetvdb.com/banners/posters/5d822f3e7a393.jpg
212,360579,The Helpful Fox Senko-san,True,False,Ended,12,12,25,https://artworks.thetvdb.com/banners/posters/5c7e3aa616ad8.jpg
213,401279,Skeleton Knight in Another World,True,False,Continuing,12,12,24,https://artworks.thetvdb.com/banners/v4/series/401279/posters/6182b2ee0797a.jpg
214,79071,Great Teacher Onizuka,True,False,Ended,43,43,26,https://artworks.thetvdb.com/banners/posters/79071-5.jpg
215,354198,Kaguya-sama: Love Is War,True,False,Ended,37,38,24,https://artworks.thetvdb.com/banners/posters/5c1c8d91b8893.jpg
216,295224,God Eater,True,False,Ended,13,13,25,https://artworks.thetvdb.com/banners/v4/series/295224/posters/60448d7a75cba.jpg
217,252343,Majikoi Oh! Samurai Girls!,True,False,Ended,12,12,30,https://artworks.thetvdb.com/banners/posters/252343-1.jpg
218,378380,Fernando,False,False,Ended,9,5,49,https://artworks.thetvdb.com/banners/v4/series/378380/posters/68840ed5193c7.jpg
219,321697,Love Tyrant,True,False,Ended,12,12,25,https://artworks.thetvdb.com/banners/posters/321697-3.jpg
220,361749,"Hensuki: Are you willing to fall in love with a pervert, as long as she's a cutie?",True,False,Ended,12,12,25,https://artworks.thetvdb.com/banners/posters/5c9f78a5c14de.jpg
221,326613,The Commute (2016),True,False,Ended,21,21,10,https://artworks.thetvdb.com/banners/posters/326613-1.jpg
222,305089,"Re: ZERO, Starting Life in Another World",False,False,Continuing,66,39,27,https://artworks.thetvdb.com/banners/v4/series/305089/posters/60aa37d7c847b.jpg
223,341663,Titans (2018),False,True,Ended,49,12,47,https://artworks.thetvdb.com/banners/posters/5d8040089117b.jpg
224,371662,Interspecies Reviewers,False,True,Ended,12,3,25,https://artworks.thetvdb.com/banners/series/371662/posters/62044471.jpg
225,257655,Arrow,False,True,Ended,170,160,42,https://artworks.thetvdb.com/banners/posters/257655-19.jpg
226,195711,The World God Only Knows,False,True,Ended,36,12,25,https://artworks.thetvdb.com/banners/posters/195711-2.jpg
227,76666,Dragon Ball,False,True,Ended,153,31,25,https://artworks.thetvdb.com/banners/posters/76666-16.jpg
228,289882,Is It Wrong to Try to Pick Up Girls in a Dungeon?,False,True,Continuing,74,28,25,https://artworks.thetvdb.com/banners/posters/5d3e1125729f8.jpg
229,328749,Dynasty (2017),False,True,Ended,108,35,43,https://artworks.thetvdb.com/banners/posters/328749-1.jpg
230,260315,Orphan Black,False,True,Ended,50,21,43,https://artworks.thetvdb.com/banners/posters/260315-4.jpg
231,75710,Criminal Minds,False,True,Continuing,354,280,46,https://artworks.thetvdb.com/banners/posters/75710-5.jpg
232,295640,Chicago Med,False,True,Continuing,212,79,44,https://artworks.thetvdb.com/banners/series/295640/posters/5f805880c109e.jpg
233,281617,Empire (2015),False,True,Ended,102,48,43,https://artworks.thetvdb.com/banners/posters/281617-4.jpg
234,284190,Marvel's Jessica Jones,False,True,Ended,39,26,51,https://artworks.thetvdb.com/banners/posters/284190-4.jpg
235,332525,Black Lightning,False,True,Ended,58,10,42,https://artworks.thetvdb.com/banners/series/332525/posters/60148635c9919.jpg
236,74608,Top Gear,False,True,Ended,230,171,60,https://artworks.thetvdb.com/banners/posters/74608-4.jpg
237,305288,Stranger Things,False,True,Ended,42,17,65,https://artworks.thetvdb.com/banners/posters/305288-4.jpg
238,295685,Lucifer,False,True,Ended,93,67,47,https://artworks.thetvdb.com/banners/posters/295685-9.jpg
239,73787,That '70s Show,False,True,Ended,200,33,25,https://artworks.thetvdb.com/banners/posters/73787-10.jpg
240,295760,DC's Legends of Tomorrow,False,True,Ended,110,61,42,https://artworks.thetvdb.com/banners/posters/295760-4.jpg
241,75692,Law & Order: Special Victims Unit,False,True,Continuing,588,162,44,https://artworks.thetvdb.com/banners/posters/75692-10.jpg
242,264586,Orange Is the New Black,False,True,Ended,91,52,60,https://artworks.thetvdb.com/banners/posters/264586-4.jpg
243,289590,Mr. Robot,False,True,Ended,45,26,50,https://artworks.thetvdb.com/banners/posters/289590-1.jpg
244,371000,Appare-Ranman!,False,True,Ended,13,1,24,https://artworks.thetvdb.com/banners/series/371000/posters/5e85cae67b611.jpg
245,284131,The Seven Deadly Sins,False,True,Ended,96,66,24,https://artworks.thetvdb.com/banners/series/284131/posters/601d611f8f7d4.jpg
246,295759,Supergirl,False,True,Ended,126,22,42,https://artworks.thetvdb.com/banners/posters/295759-7.jpg
247,373679,"Bofuri: I Don't Want to Get Hurt, so I'll Max Out My Defense",False,True,Ended,24,4,24,https://artworks.thetvdb.com/banners/v4/series/373679/posters/619fc89936e90.jpg
248,78804,Doctor Who (2005),False,True,Ended,153,2,47,https://artworks.thetvdb.com/banners/posters/78804-52.jpg
249,355622,Doom Patrol,False,True,Ended,46,6,51,https://artworks.thetvdb.com/banners/posters/5c5c5fb608efb.jpg
250,95441,NCIS: Los Angeles,False,True,Ended,323,195,45,https://artworks.thetvdb.com/banners/posters/95441-4.jpg
251,353232,Narcos: Mexico,False,True,Ended,30,10,59,https://artworks.thetvdb.com/banners/v4/series/353232/posters/61799119ebf40.jpg
252,347734,Super Dragon Ball Heroes,False,True,Ended,54,19,10,https://artworks.thetvdb.com/banners/posters/5b02fddd937fb.jpg
253,357888,"Love, Death & Robots",False,True,Continuing,45,18,13,https://artworks.thetvdb.com/banners/v4/series/357888/posters/607da9fc6a6a1.jpg
254,279121,The Flash (2014),False,True,Ended,184,121,42,https://artworks.thetvdb.com/banners/posters/279121-5.jpg
255,311711,The Good Place,False,True,Ended,50,37,26,https://artworks.thetvdb.com/banners/posters/311711-3.jpg
256,269578,Sleepy Hollow,False,True,Ended,62,37,45,https://artworks.thetvdb.com/banners/posters/269578-5.jpg
257,328634,The Good Doctor,False,True,Ended,126,30,43,https://artworks.thetvdb.com/banners/posters/328634-2.jpg
258,341455,Marvel's Cloak & Dagger,False,True,Ended,20,10,42,https://artworks.thetvdb.com/banners/v4/series/341455/posters/61bf602033faf.jpg
259,273181,Better Call Saul,False,True,Ended,63,31,50,https://artworks.thetvdb.com/banners/posters/273181-7.jpg
260,326288,Manhunt (2017),False,True,Ended,18,8,44,https://artworks.thetvdb.com/banners/posters/326288-1.jpg
261,347425,How Not to Summon a Demon Lord,False,True,Ended,22,13,24,https://artworks.thetvdb.com/banners/posters/5af3c840ebba9.jpg
262,311900,Shooter,False,True,Ended,31,19,43,https://artworks.thetvdb.com/banners/posters/311900-4.jpg
263,323168,13 Reasons Why,False,True,Ended,49,13,58,https://artworks.thetvdb.com/banners/posters/323168-2.jpg
264,261862,"Love, Chunibyo & Other Delusions!",False,True,Ended,24,12,25,https://artworks.thetvdb.com/banners/series/261862/posters/5fe1616e8435b.jpg
265,192061,Young Justice,False,True,Ended,98,62,25,https://artworks.thetvdb.com/banners/posters/192061-1.jpg
266,295220,Classroom Crisis,False,True,Ended,13,4,25,https://artworks.thetvdb.com/banners/posters/295220-1.jpg
267,348002,The Promised Neverland,False,True,Ended,23,14,23,https://artworks.thetvdb.com/banners/v4/series/348002/posters/6044aa9867936.jpg
268,327417,Money Heist,False,True,Ended,41,7,57,https://artworks.thetvdb.com/banners/posters/327417-4.jpg
